{
  "families": {
    "vggt": {
      "diff_family": "vggt",
      "reference_model": "vggt_raw",
      "skipped": {},
      "excluded_from_this_family": {
        "graspnet_backbone": {
          "skipped_reason": "cross_family"
        },
        "lift3d_clip_raw": {
          "skipped_reason": "cross_family"
        },
        "lift3d_clip_progressive_alpha05": {
          "skipped_reason": "cross_family"
        },
        "lift3d_dinov2_raw": {
          "skipped_reason": "cross_family"
        },
        "lift3d_dinov2_progressive_alpha05": {
          "skipped_reason": "cross_family"
        }
      },
      "error": null,
      "diff_rel_epsilon": 1e-08,
      "diff_top_fraction": 0.1,
      "topk_diff_grasp_overlap_note": "skipped: no GT grasps (dataset label or offline gt_grasp_group)",
      "per_model": {
        "vggt_raw": {
          "mean_l2_diff": 0.0,
          "std_l2_diff": 0.0,
          "max_l2_diff": 0.0,
          "mean_rel_diff": 0.0,
          "std_rel_diff": 0.0,
          "max_rel_diff": 0.0
        },
        "vggt_progressive_alpha05": {
          "mean_l2_diff": 4.542064792988214,
          "std_l2_diff": 0.9011437878445326,
          "max_l2_diff": 7.484192333540311,
          "mean_rel_diff": 6.89701606544593,
          "std_rel_diff": 1.3626865719127235,
          "max_rel_diff": 11.327239652909196,
          "top_diff_fraction": 0.1,
          "top_diff_point_count": 205
        },
        "vggt_distill": {
          "mean_l2_diff": 6.355513773417479,
          "std_l2_diff": 0.6251778137931674,
          "max_l2_diff": 7.470567133635782,
          "mean_rel_diff": 9.645933625030715,
          "std_rel_diff": 0.8875320143066112,
          "max_rel_diff": 11.242938339277467,
          "top_diff_fraction": 0.1,
          "top_diff_point_count": 205
        },
        "vggt_fusion_progressive_alpha05": {
          "mean_l2_diff": 4.542064792988214,
          "std_l2_diff": 0.9011437878445326,
          "max_l2_diff": 7.484192333540311,
          "mean_rel_diff": 6.89701606544593,
          "std_rel_diff": 1.3626865719127235,
          "max_rel_diff": 11.327239652909196,
          "top_diff_fraction": 0.1,
          "top_diff_point_count": 205
        },
        "vggt_prog_enc_lora": {
          "mean_l2_diff": 4.542064792988214,
          "std_l2_diff": 0.9011437878445326,
          "max_l2_diff": 7.484192333540311,
          "mean_rel_diff": 6.89701606544593,
          "std_rel_diff": 1.3626865719127235,
          "max_rel_diff": 11.327239652909196,
          "top_diff_fraction": 0.1,
          "top_diff_point_count": 205
        }
      },
      "figure_caption_abs_l2": "abs L2 to ref=vggt_raw; family=vggt; rel ε=1e-08; top_mask=0.1",
      "figure_caption_rel": "relative ||Δf||/(||f_ref||+ε); ref=vggt_raw; family=vggt; ε=1e-08",
      "figure_caption_mask": "top-10pct by abs L2 vs ref=vggt_raw; family=vggt"
    },
    "lift3d_clip": {
      "diff_family": "lift3d_clip",
      "reference_model": "lift3d_clip_raw",
      "skipped": {},
      "excluded_from_this_family": {
        "graspnet_backbone": {
          "skipped_reason": "cross_family"
        },
        "vggt_raw": {
          "skipped_reason": "cross_family"
        },
        "vggt_progressive_alpha05": {
          "skipped_reason": "cross_family"
        },
        "vggt_distill": {
          "skipped_reason": "cross_family"
        },
        "vggt_fusion_progressive_alpha05": {
          "skipped_reason": "cross_family"
        },
        "vggt_prog_enc_lora": {
          "skipped_reason": "cross_family"
        },
        "lift3d_dinov2_raw": {
          "skipped_reason": "cross_family"
        },
        "lift3d_dinov2_progressive_alpha05": {
          "skipped_reason": "cross_family"
        }
      },
      "error": null,
      "diff_rel_epsilon": 1e-08,
      "diff_top_fraction": 0.1,
      "topk_diff_grasp_overlap_note": "skipped: no GT grasps (dataset label or offline gt_grasp_group)",
      "per_model": {
        "lift3d_clip_raw": {
          "mean_l2_diff": 0.0,
          "std_l2_diff": 0.0,
          "max_l2_diff": 0.0,
          "mean_rel_diff": 0.0,
          "std_rel_diff": 0.0,
          "max_rel_diff": 0.0
        },
        "lift3d_clip_progressive_alpha05": {
          "mean_l2_diff": 6.888043645337039,
          "std_l2_diff": 1.3468128048402492,
          "max_l2_diff": 11.243107265190929,
          "mean_rel_diff": 2.002735560010133,
          "std_rel_diff": 0.40392249165751287,
          "max_rel_diff": 3.287926533188461,
          "top_diff_fraction": 0.1,
          "top_diff_point_count": 205
        }
      },
      "figure_caption_abs_l2": "abs L2 to ref=lift3d_clip_raw; family=lift3d_clip; rel ε=1e-08; top_mask=0.1",
      "figure_caption_rel": "relative ||Δf||/(||f_ref||+ε); ref=lift3d_clip_raw; family=lift3d_clip; ε=1e-08",
      "figure_caption_mask": "top-10pct by abs L2 vs ref=lift3d_clip_raw; family=lift3d_clip"
    },
    "lift3d_dino": {
      "diff_family": "lift3d_dino",
      "reference_model": "lift3d_dinov2_raw",
      "skipped": {},
      "excluded_from_this_family": {
        "graspnet_backbone": {
          "skipped_reason": "cross_family"
        },
        "vggt_raw": {
          "skipped_reason": "cross_family"
        },
        "vggt_progressive_alpha05": {
          "skipped_reason": "cross_family"
        },
        "vggt_distill": {
          "skipped_reason": "cross_family"
        },
        "vggt_fusion_progressive_alpha05": {
          "skipped_reason": "cross_family"
        },
        "vggt_prog_enc_lora": {
          "skipped_reason": "cross_family"
        },
        "lift3d_clip_raw": {
          "skipped_reason": "cross_family"
        },
        "lift3d_clip_progressive_alpha05": {
          "skipped_reason": "cross_family"
        }
      },
      "error": null,
      "diff_rel_epsilon": 1e-08,
      "diff_top_fraction": 0.1,
      "topk_diff_grasp_overlap_note": "skipped: no GT grasps (dataset label or offline gt_grasp_group)",
      "per_model": {
        "lift3d_dinov2_raw": {
          "mean_l2_diff": 0.0,
          "std_l2_diff": 0.0,
          "max_l2_diff": 0.0,
          "mean_rel_diff": 0.0,
          "std_rel_diff": 0.0,
          "max_rel_diff": 0.0
        },
        "lift3d_dinov2_progressive_alpha05": {
          "mean_l2_diff": 6.886991889013933,
          "std_l2_diff": 0.6382352248653945,
          "max_l2_diff": 9.048835917513749,
          "mean_rel_diff": 1.2466046045294032,
          "std_rel_diff": 0.09975363708137026,
          "max_rel_diff": 1.6771893420068724,
          "top_diff_fraction": 0.1,
          "top_diff_point_count": 205
        }
      },
      "figure_caption_abs_l2": "abs L2 to ref=lift3d_dinov2_raw; family=lift3d_dino; rel ε=1e-08; top_mask=0.1",
      "figure_caption_rel": "relative ||Δf||/(||f_ref||+ε); ref=lift3d_dinov2_raw; family=lift3d_dino; ε=1e-08",
      "figure_caption_mask": "top-10pct by abs L2 vs ref=lift3d_dinov2_raw; family=lift3d_dino"
    },
    "graspnet": {
      "diff_family": "graspnet",
      "reference_model": null,
      "skipped": {},
      "excluded_from_this_family": {
        "vggt_raw": {
          "skipped_reason": "cross_family"
        },
        "vggt_progressive_alpha05": {
          "skipped_reason": "cross_family"
        },
        "vggt_distill": {
          "skipped_reason": "cross_family"
        },
        "vggt_fusion_progressive_alpha05": {
          "skipped_reason": "cross_family"
        },
        "vggt_prog_enc_lora": {
          "skipped_reason": "cross_family"
        },
        "lift3d_clip_raw": {
          "skipped_reason": "cross_family"
        },
        "lift3d_clip_progressive_alpha05": {
          "skipped_reason": "cross_family"
        },
        "lift3d_dinov2_raw": {
          "skipped_reason": "cross_family"
        },
        "lift3d_dinov2_progressive_alpha05": {
          "skipped_reason": "cross_family"
        }
      },
      "error": "no_intra_family_raw_reference",