{
  "families": {
    "vggt": {
      "diff_family": "vggt",
      "reference_model": "vggt_raw",
      "skipped": {},
      "excluded_from_this_family": {
        "graspnet_backbone": {
          "skipped_reason": "cross_family"
        },
        "lift3d_clip_raw": {
          "skipped_reason": "cross_family"
        },
        "lift3d_clip_progressive_alpha05": {
          "skipped_reason": "cross_family"
        },
        "lift3d_dinov2_raw": {
          "skipped_reason": "cross_family"
        },
        "lift3d_dinov2_progressive_alpha05": {
          "skipped_reason": "cross_family"
        }
      },
      "error": null,
      "diff_rel_epsilon": 1e-08,
      "diff_top_fraction": 0.1,
      "per_model": {
        "vggt_raw": {
          "mean_l2_diff": 0.0,
          "std_l2_diff": 0.0,
          "max_l2_diff": 0.0,
          "mean_rel_diff": 0.0,
          "std_rel_diff": 0.0,
          "max_rel_diff": 0.0
        },
        "vggt_progressive_alpha05": {
          "mean_l2_diff": 4.549383191174979,
          "std_l2_diff": 0.902516357946931,
          "max_l2_diff": 7.453071859332501,
          "mean_rel_diff": 7.0932245842886745,
          "std_rel_diff": 1.4012932841249992,
          "max_rel_diff": 11.586900010227346,
          "top_diff_fraction": 0.1,
          "top_diff_point_count": 205
        },
        "vggt_distill": {
          "mean_l2_diff": 6.343415930999814,
          "std_l2_diff": 0.6333796896500279,
          "max_l2_diff": 7.468344925360836,
          "mean_rel_diff": 9.885370521350122,
          "std_rel_diff": 0.9251589921763484,
          "max_rel_diff": 11.575576196064262,
          "top_diff_fraction": 0.1,
          "top_diff_point_count": 205
        },
        "vggt_fusion_progressive_alpha05": {
          "mean_l2_diff": 4.549383191174979,
          "std_l2_diff": 0.902516357946931,
          "max_l2_diff": 7.453071859332501,
          "mean_rel_diff": 7.0932245842886745,
          "std_rel_diff": 1.4012932841249992,
          "max_rel_diff": 11.586900010227346,
          "top_diff_fraction": 0.1,
          "top_diff_point_count": 205
        },
        "vggt_prog_enc_lora": {
          "mean_l2_diff": 4.549383191174979,
          "std_l2_diff": 0.902516357946931,
          "max_l2_diff": 7.453071859332501,
          "mean_rel_diff": 7.0932245842886745,
          "std_rel_diff": 1.4012932841249992,
          "max_rel_diff": 11.586900010227346,
          "top_diff_fraction": 0.1,
          "top_diff_point_count": 205
        }
      }
    },
    "lift3d_clip": {
      "diff_family": "lift3d_clip",
      "reference_model": "lift3d_clip_raw",
      "skipped": {},
      "excluded_from_this_family": {
        "graspnet_backbone": {
          "skipped_reason": "cross_family"
        },
        "vggt_raw": {
          "skipped_reason": "cross_family"
        },
        "vggt_progressive_alpha05": {
          "skipped_reason": "cross_family"
        },
        "vggt_distill": {
          "skipped_reason": "cross_family"
        },
        "vggt_fusion_progressive_alpha05": {
          "skipped_reason": "cross_family"
        },
        "vggt_prog_enc_lora": {
          "skipped_reason": "cross_family"
        },
        "lift3d_dinov2_raw": {
          "skipped_reason": "cross_family"
        },
        "lift3d_dinov2_progressive_alpha05": {
          "skipped_reason": "cross_family"
        }
      },
      "error": null,
      "diff_rel_epsilon": 1e-08,
      "diff_top_fraction": 0.1,
      "per_model": {
        "lift3d_clip_raw": {
          "mean_l2_diff": 0.0,
          "std_l2_diff": 0.0,
          "max_l2_diff": 0.0,
          "mean_rel_diff": 0.0,
          "std_rel_diff": 0.0,
          "max_rel_diff": 0.0
        },
        "lift3d_clip_progressive_alpha05": {
          "mean_l2_diff": 6.7127892196376475,
          "std_l2_diff": 1.3413615469967652,
          "max_l2_diff": 11.414976176681629,
          "mean_rel_diff": 2.0277293056259147,
          "std_rel_diff": 0.4009845549628214,
          "max_rel_diff": 3.4796742761551918,
          "top_diff_fraction": 0.1,
          "top_diff_point_count": 205
        }
      }
    },
    "lift3d_dino": {
      "diff_family": "lift3d_dino",
      "reference_model": "lift3d_dinov2_raw",
      "skipped": {},
      "excluded_from_this_family": {
        "graspnet_backbone": {
          "skipped_reason": "cross_family"
        },
        "vggt_raw": {
          "skipped_reason": "cross_family"
        },
        "vggt_progressive_alpha05": {
          "skipped_reason": "cross_family"
        },
        "vggt_distill": {
          "skipped_reason": "cross_family"
        },
        "vggt_fusion_progressive_alpha05": {
          "skipped_reason": "cross_family"
        },
        "vggt_prog_enc_lora": {
          "skipped_reason": "cross_family"
        },
        "lift3d_clip_raw": {
          "skipped_reason": "cross_family"
        },
        "lift3d_clip_progressive_alpha05": {
          "skipped_reason": "cross_family"
        }
      },
      "error": null,
      "diff_rel_epsilon": 1e-08,
      "diff_top_fraction": 0.1,
      "per_model": {
        "lift3d_dinov2_raw": {
          "mean_l2_diff": 0.0,
          "std_l2_diff": 0.0,
          "max_l2_diff": 0.0,
          "mean_rel_diff": 0.0,
          "std_rel_diff": 0.0,
          "max_rel_diff": 0.0
        },
        "lift3d_dinov2_progressive_alpha05": {
          "mean_l2_diff": 7.462758567834504,
          "std_l2_diff": 0.7448339385717838,
          "max_l2_diff": 10.10361508757194,
          "mean_rel_diff": 1.282389011277477,
          "std_rel_diff": 0.11357366919557053,
          "max_rel_diff": 1.7338596734114156,
          "top_diff_fraction": 0.1,
          "top_diff_point_count": 205
        }
      }
    },
    "graspnet": {
      "diff_family": "graspnet",
      "reference_model": null,
      "skipped": {},
      "excluded_from_this_family": {
        "vggt_raw": {
          "skipped_reason": "cross_family"
        },
        "vggt_progressive_alpha05": {
          "skipped_reason": "cross_family"
        },
        "vggt_distill": {
          "skipped_reason": "cross_family"
        },
        "vggt_fusion_progressive_alpha05": {
          "skipped_reason": "cross_family"
        },
        "vggt_prog_enc_lora": {
          "skipped_reason": "cross_family"
        },
        "lift3d_clip_raw": {
          "skipped_reason": "cross_family"
        },
        "lift3d_clip_progressive_alpha05": {
          "skipped_reason": "cross_family"
        },
        "lift3d_dinov2_raw": {
          "skipped_reason": "cross_family"
        },
        "lift3d_dinov2_progressive_alpha05": {
          "skipped_reason": "cross_family"
        }
      },
      "error": "no_intra_family_raw_reference",
      "note": "graspnet: single backbone entry; no representation-aware diff vs raw",
      "members_present": [
        "graspnet_backbone"
      ]
    }
  },
  "global_report": {
    "model_to_diff_family": {
      "graspnet_backbone": "graspnet",
      "vggt_raw": "vggt",
      "vggt_progressive_alpha05": "vggt",
      "vggt_distill": "vggt",
      "vggt_fusion_progressive_alpha05": "vggt",
      "vggt_prog_enc_lora": "vggt",
      "lift3d_clip_raw": "lift3d_clip",
      "lift3d_clip_progressive_alpha05": "lift3d_clip",
      "lift3d_dinov2_raw": "lift3d_dino",
      "lift3d_dinov2_progressive_alpha05": "lift3d_dino"
    },
    "representation_aware": true
  }
}