{
  "config": {
    "baseline_dump_root": "/home/ziyaochen/gc6d_grasp_pipeline/eval_out/baseline",
    "reranker_dump_root": "/home/ziyaochen/gc6d_grasp_pipeline/eval_out/exp_ranking_hardneg_v1",
    "gt_root": "/mnt/ssd/ziyaochen/GraspClutter6D",
    "split": "test",
    "top_k": 50,
    "scene_filter": [
      "000001",
      "000002",
      "000003"
    ],
    "max_frames_per_scene": 5
  },
  "global_summary": {
    "num_scenes": 2,
    "num_frames": 10,
    "overlap": {
      "mean": 0.0,
      "std": 0.0
    },
    "baseline_dist": {
      "mean": 0.02173578675088364,
      "std": 0.003813808965948538
    },
    "reranker_dist": {
      "mean": 0.019614771942139567,
      "std": 0.004491738372110444
    },
    "improved_ratio_mean": 0.5289907085152171,
    "worsened_ratio_mean": 0.4710092914847829
  },
  "per_scene": {
    "000002": {
      "num_frames": 5.0,
      "topk_overlap": 0.0,
      "mean_baseline_dist": 0.018504304571491135,
      "mean_reranker_dist": 0.017569604217880713,
      "improved_ratio": 0.5662587477607242,
      "worsened_ratio": 0.4337412522392758
    },
    "000003": {
      "num_frames": 5.0,
      "topk_overlap": 0.0,
      "mean_baseline_dist": 0.024967268930276145,
      "mean_reranker_dist": 0.02165993966639842,
      "improved_ratio": 0.49172266926971,
      "worsened_ratio": 0.50827733073029
    }
  }
}